Workbook

Sheet gastos
A1: Fecha | B1: Concepto | C1: Pagador | D1: Importe
A2: 45658 | B2: niños | C2: lorenzo | D2: 34
A3: 45659 | B3: diversos | C3: lorenzo | D3: 56
A4: 45660 | B4: niños | C4: julia | D4: 11
A5: 45661 | B5: diversos | C5: julia | D5: 10
A6: 45662 | B6: vivienda | C6: lorenzo | D6: 22
A7: 45663 | B7: seguros | C7: julia | D7: 90
A8: 45664 | B8: entretenimiento | C8: julia | D8: 10
A9: 45665 | B9: vivienda | C9: julia | D9: 11
A10: 45666 | B10: alquileres | C10: lorenzo | D10: 55
A11: 45667 | B11: vehiculo | C11: lorenzo | D11: 76
A12: 45668 | B12: vehiculo | C12: julia | D12: 84
A13: 45669 | B13: alimentacion | C13: lorenzo | D13: 34
... A32: 45688 | B32: vivienda | C32: lorenzo | D32: 45

Sheet resumen
A1: CONCEPTO | B1: TOTAL GASTOS | D1: Nº ADQUISICIONES | F1: GASTO MEDIO
B2: LORENZO | C2: JULIA | D2: LORENZO | E2: JULIA | F2: LORENZO | G2: JULIA
A3: ALIMENTACION | B3: =SUMIFS(gastos!$D$2:D$32,gastos!$B$2:$B$32,$A3,gastos!$C$2:$C$32,$B$2) -> 111 | C3: =SUMIFS(gastos!$D$2:E$32,gastos!$B$2:$B$32,$A3,gastos!$C$2:$C$32,$B$2) -> #VALUE! | D3: =COUNTIFS(gastos!$B$2:$B$32,resumen!$A3,gastos!$C$2:$C$32,resumen!D$2) -> 3 | E3: =COUNTIFS(gastos!$B$2:$B$32,resumen!$A3,gastos!$C$2:$C$32,resumen!E$2) -> 1 | F3: =AVERAGEIFS(gastos!$D$2:$D$32,gastos!$B$2:$B$32,resumen!$A3,gastos!$C$2:$C$32,resumen!F$2) -> 37 | G3: =AVERAGEIFS(gastos!$D$2:$D$32,gastos!$B$2:$B$32,resumen!$A3,gastos!$C$2:$C$32,resumen!G$2) -> 25
A4: ALQUILERES | B4: =SUMIFS(gastos!$D$2:D$32,gastos!$B$2:$B$32,$A4,gastos!$C$2:$C$32,$B$2) -> 55 | C4: =SUMIFS(gastos!$D$2:E$32,gastos!$B$2:$B$32,$A4,gastos!$C$2:$C$32,$B$2) -> #VALUE! | D4: =COUNTIFS(gastos!$B$2:$B$32,resumen!$A4,gastos!$C$2:$C$32,resumen!D$2) -> 1 | E4: =COUNTIFS(gastos!$B$2:$B$32,resumen!$A4,gastos!$C$2:$C$32,resumen!E$2) -> 1 | F4: =AVERAGEIFS(gastos!$D$2:$D$32,gastos!$B$2:$B$32,resumen!$A4,gastos!$C$2:$C$32,resumen!F$2) -> 55 | G4: =AVERAGEIFS(gastos!$D$2:$D$32,gastos!$B$2:$B$32,resumen!$A4,gastos!$C$2:$C$32,resumen!G$2) -> 25
A5: DIVERSOS | B5: =SUMIFS(gastos!$D$2:D$32,gastos!$B$2:$B$32,$A5,gastos!$C$2:$C$32,$B$2) -> 56 | C5: =SUMIFS(gastos!$D$2:E$32,gastos!$B$2:$B$32,$A5,gastos!$C$2:$C$32,$B$2) -> #VALUE! | D5: =COUNTIFS(gastos!$B$2:$B$32,resumen!$A5,gastos!$C$2:$C$32,resumen!D$2) -> 1 | E5: =COUNTIFS(gastos!$B$2:$B$32,resumen!$A5,gastos!$C$2:$C$32,resumen!E$2) -> 1 | F5: =AVERAGEIFS(gastos!$D$2:$D$32,gastos!$B$2:$B$32,resumen!$A5,gastos!$C$2:$C$32,resumen!F$2) -> 56 | G5: =AVERAGEIFS(gastos!$D$2:$D$32,gastos!$B$2:$B$32,resumen!$A5,gastos!$C$2:$C$32,resumen!G$2) -> 10
A6: ENTRETENIMIENTO | B6: =SUMIFS(gastos!$D$2:D$32,gastos!$B$2:$B$32,$A6,gastos!$C$2:$C$32,$B$2) -> 44 | C6: =SUMIFS(gastos!$D$2:E$32,gastos!$B$2:$B$32,$A6,gastos!$C$2:$C$32,$B$2) -> #VALUE! | D6: =COUNTIFS(gastos!$B$2:$B$32,resumen!$A6,gastos!$C$2:$C$32,resumen!D$2) -> 1 | E6: =COUNTIFS(gastos!$B$2:$B$32,resumen!$A6,gastos!$C$2:$C$32,resumen!E$2) -> 2 | F6: =AVERAGEIFS(gastos!$D$2:$D$32,gastos!$B$2:$B$32,resumen!$A6,gastos!$C$2:$C$32,resumen!F$2) -> 44 | G6: =AVERAGEIFS(gastos!$D$2:$D$32,gastos!$B$2:$B$32,resumen!$A6,gastos!$C$2:$C$32,resumen!G$2) -> 11
A7: IMPUESTOS | B7: =SUMIFS(gastos!$D$2:D$32,gastos!$B$2:$B$32,$A7,gastos!$C$2:$C$32,$B$2) -> 0 | C7: =SUMIFS(gastos!$D$2:E$32,gastos!$B$2:$B$32,$A7,gastos!$C$2:$C$32,$B$2) -> #VALUE! | D7: =COUNTIFS(gastos!$B$2:$B$32,resumen!$A7,gastos!$C$2:$C$32,resumen!D$2) -> 0 | E7: =COUNTIFS(gastos!$B$2:$B$32,resumen!$A7,gastos!$C$2:$C$32,resumen!E$2) -> 0 | F7: =AVERAGEIFS(gastos!$D$2:$D$32,gastos!$B$2:$B$32,resumen!$A7,gastos!$C$2:$C$32,resumen!F$2) -> #DIV/0! | G7: =AVERAGEIFS(gastos!$D$2:$D$32,gastos!$B$2:$B$32,resumen!$A7,gastos!$C$2:$C$32,resumen!G$2) -> #DIV/0!
A8: MUTUA | B8: =SUMIFS(gastos!$D$2:D$32,gastos!$B$2:$B$32,$A8,gastos!$C$2:$C$32,$B$2) -> 25 | C8: =SUMIFS(gastos!$D$2:E$32,gastos!$B$2:$B$32,$A8,gastos!$C$2:$C$32,$B$2) -> #VALUE! | D8: =COUNTIFS(gastos!$B$2:$B$32,resumen!$A8,gastos!$C$2:$C$32,resumen!D$2) -> 1 | E8: =COUNTIFS(gastos!$B$2:$B$32,resumen!$A8,gastos!$C$2:$C$32,resumen!E$2) -> 1 | F8: =AVERAGEIFS(gastos!$D$2:$D$32,gastos!$B$2:$B$32,resumen!$A8,gastos!$C$2:$C$32,resumen!F$2) -> 25 | G8: =AVERAGEIFS(gastos!$D$2:$D$32,gastos!$B$2:$B$32,resumen!$A8,gastos!$C$2:$C$32,resumen!G$2) -> 31
A9: NIÑOS | B9: =SUMIFS(gastos!$D$2:D$32,gastos!$B$2:$B$32,$A9,gastos!$C$2:$C$32,$B$2) -> 0 | C9: =SUMIFS(gastos!$D$2:E$32,gastos!$B$2:$B$32,$A9,gastos!$C$2:$C$32,$B$2) -> #VALUE! | D9: =COUNTIFS(gastos!$B$2:$B$32,resumen!$A9,gastos!$C$2:$C$32,resumen!D$2) -> 0 | E9: =COUNTIFS(gastos!$B$2:$B$32,resumen!$A9,gastos!$C$2:$C$32,resumen!E$2) -> 0 | F9: =AVERAGEIFS(gastos!$D$2:$D$32,gastos!$B$2:$B$32,resumen!$A9,gastos!$C$2:$C$32,resumen!F$2) -> #DIV/0! | G9: =AVERAGEIFS(gastos!$D$2:$D$32,gastos!$B$2:$B$32,resumen!$A9,gastos!$C$2:$C$32,resumen!G$2) -> #DIV/0!
A10: ROPA | B10: =SUMIFS(gastos!$D$2:D$32,gastos!$B$2:$B$32,$A10,gastos!$C$2:$C$32,$B$2) -> 71 | C10: =SUMIFS(gastos!$D$2:E$32,gastos!$B$2:$B$32,$A10,gastos!$C$2:$C$32,$B$2) -> #VALUE! | D10: =COUNTIFS(gastos!$B$2:$B$32,resumen!$A10,gastos!$C$2:$C$32,resumen!D$2) -> 1 | E10: =COUNTIFS(gastos!$B$2:$B$32,resumen!$A10,gastos!$C$2:$C$32,resumen!E$2) -> 1 | F10: =AVERAGEIFS(gastos!$D$2:$D$32,gastos!$B$2:$B$32,resumen!$A10,gastos!$C$2:$C$32,resumen!F$2) -> 71 | G10: =AVERAGEIFS(gastos!$D$2:$D$32,gastos!$B$2:$B$32,resumen!$A10,gastos!$C$2:$C$32,resumen!G$2) -> 5
A11: SEGUROS | B11: =SUMIFS(gastos!$D$2:D$32,gastos!$B$2:$B$32,$A11,gastos!$C$2:$C$32,$B$2) -> 90 | C11: =SUMIFS(gastos!$D$2:E$32,gastos!$B$2:$B$32,$A11,gastos!$C$2:$C$32,$B$2) -> #VALUE! | D11: =COUNTIFS(gastos!$B$2:$B$32,resumen!$A11,gastos!$C$2:$C$32,resumen!D$2) -> 1 | E11: =COUNTIFS(gastos!$B$2:$B$32,resumen!$A11,gastos!$C$2:$C$32,resumen!E$2) -> 3 | F11: =AVERAGEIFS(gastos!$D$2:$D$32,gastos!$B$2:$B$32,resumen!$A11,gastos!$C$2:$C$32,resumen!F$2) -> 90 | G11: =AVERAGEIFS(gastos!$D$2:$D$32,gastos!$B$2:$B$32,resumen!$A11,gastos!$C$2:$C$32,resumen!G$2) -> 44.666667
A12: VEHICULO | B12: =SUMIFS(gastos!$D$2:D$32,gastos!$B$2:$B$32,$A12,gastos!$C$2:$C$32,$B$2) -> 76 | C12: =SUMIFS(gastos!$D$2:E$32,gastos!$B$2:$B$32,$A12,gastos!$C$2:$C$32,$B$2) -> #VALUE! | D12: =COUNTIFS(gastos!$B$2:$B$32,resumen!$A12,gastos!$C$2:$C$32,resumen!D$2) -> 1 | E12: =COUNTIFS(gastos!$B$2:$B$32,resumen!$A12,gastos!$C$2:$C$32,resumen!E$2) -> 1 | F12: =AVERAGEIFS(gastos!$D$2:$D$32,gastos!$B$2:$B$32,resumen!$A12,gastos!$C$2:$C$32,resumen!F$2) -> 76 | G12: =AVERAGEIFS(gastos!$D$2:$D$32,gastos!$B$2:$B$32,resumen!$A12,gastos!$C$2:$C$32,resumen!G$2) -> 84
A13: VIVIENDA | B13: =SUMIFS(gastos!$D$2:D$32,gastos!$B$2:$B$32,$A13,gastos!$C$2:$C$32,$B$2) -> 67 | C13: =SUMIFS(gastos!$D$2:E$32,gastos!$B$2:$B$32,$A13,gastos!$C$2:$C$32,$B$2) -> #VALUE! | D13: =COUNTIFS(gastos!$B$2:$B$32,resumen!$A13,gastos!$C$2:$C$32,resumen!D$2) -> 2 | E13: =COUNTIFS(gastos!$B$2:$B$32,resumen!$A13,gastos!$C$2:$C$32,resumen!E$2) -> 1 | F13: =AVERAGEIFS(gastos!$D$2:$D$32,gastos!$B$2:$B$32,resumen!$A13,gastos!$C$2:$C$32,resumen!F$2) -> 33.5 | G13: =AVERAGEIFS(gastos!$D$2:$D$32,gastos!$B$2:$B$32,resumen!$A13,gastos!$C$2:$C$32,resumen!G$2) -> 11
