Workbook

Sheet Empleados
A1: Nombre | B1: NUMERO | C1: NIF | D1: SOLO LETRA | E1: LETRAS ÚNICAS | F1: VECES QUE SE REPITE | G1: NÚMERO TROCEADO | O1: 4 CIFRAS CENTRALES DE NÚMERO
A2: Empleado 01 | B2: 44326553 | C2: =B2&HLOOKUP(MOD(B2,23),DNI!$B$1:$X$2,2) -> 44326553X | D2: =HLOOKUP(MOD(B2,23),DNI!$B$1:$X$2,2) -> X | E2: SOLO LETRA
A3: Empleado 02 | B3: 30568921 | C3: =B3&HLOOKUP(MOD(B3,23),DNI!$B$1:$X$2,2) -> 30568921N | D3: =HLOOKUP(MOD(B3,23),DNI!$B$1:$X$2,2) -> N | E3: X | F3: =COUNTIF(D:D,E3) -> 22
A4: Empleado 03 | B4: 29894903 | C4: =B4&HLOOKUP(MOD(B4,23),DNI!$B$1:$X$2,2) -> 29894903D | D4: =HLOOKUP(MOD(B4,23),DNI!$B$1:$X$2,2) -> D | E4: N | F4: =COUNTIF(D:D,E4) -> 16
A5: Empleado 04 | B5: 28553760 | C5: =B5&HLOOKUP(MOD(B5,23),DNI!$B$1:$X$2,2) -> 28553760L | D5: =HLOOKUP(MOD(B5,23),DNI!$B$1:$X$2,2) -> L | E5: D | F5: =COUNTIF(D:D,E5) -> 11
A6: Empleado 05 | B6: 30318424 | C6: =B6&HLOOKUP(MOD(B6,23),DNI!$B$1:$X$2,2) -> 30318424P | D6: =HLOOKUP(MOD(B6,23),DNI!$B$1:$X$2,2) -> P | E6: L | F6: =COUNTIF(D:D,E6) -> 16
A7: Empleado 06 | B7: 48079095 | C7: =B7&HLOOKUP(MOD(B7,23),DNI!$B$1:$X$2,2) -> 48079095X | D7: =HLOOKUP(MOD(B7,23),DNI!$B$1:$X$2,2) -> X | E7: P | F7: =COUNTIF(D:D,E7) -> 13
A8: Empleado 07 | B8: 45651330 | C8: =B8&HLOOKUP(MOD(B8,23),DNI!$B$1:$X$2,2) -> 45651330X | D8: =HLOOKUP(MOD(B8,23),DNI!$B$1:$X$2,2) -> X | E8: V | F8: =COUNTIF(D:D,E8) -> 13
A9: Empleado 08 | B9: 42358335 | C9: =B9&HLOOKUP(MOD(B9,23),DNI!$B$1:$X$2,2) -> 42358335V | D9: =HLOOKUP(MOD(B9,23),DNI!$B$1:$X$2,2) -> V | E9: Z | F9: =COUNTIF(D:D,E9) -> 10
A10: Empleado 09 | B10: 40477093 | C10: =B10&HLOOKUP(MOD(B10,23),DNI!$B$1:$X$2,2) -> 40477093Z | D10: =HLOOKUP(MOD(B10,23),DNI!$B$1:$X$2,2) -> Z | E10: H | F10: =COUNTIF(D:D,E10) -> 14
A11: Empleado 10 | B11: 28902232 | C11: =B11&HLOOKUP(MOD(B11,23),DNI!$B$1:$X$2,2) -> 28902232H | D11: =HLOOKUP(MOD(B11,23),DNI!$B$1:$X$2,2) -> H | E11: R | F11: =COUNTIF(D:D,E11) -> 10
A12: Empleado 11 | B12: 31308091 | C12: =B12&HLOOKUP(MOD(B12,23),DNI!$B$1:$X$2,2) -> 31308091P | D12: =HLOOKUP(MOD(B12,23),DNI!$B$1:$X$2,2) -> P | E12: G | F12: =COUNTIF(D:D,E12) -> 12
A13: Empleado 12 | B13: 40548196 | C13: =B13&HLOOKUP(MOD(B13,23),DNI!$B$1:$X$2,2) -> 40548196R | D13: =HLOOKUP(MOD(B13,23),DNI!$B$1:$X$2,2) -> R | E13: S | F13: =COUNTIF(D:D,E13) -> 16
A14: Empleado 13 | B14: 38637336 | C14: =B14&HLOOKUP(MOD(B14,23),DNI!$B$1:$X$2,2) -> 38637336G | D14: =HLOOKUP(MOD(B14,23),DNI!$B$1:$X$2,2) -> G | E14: K | F14: =COUNTIF(D:D,E14) -> 14
... A25: Empleado 24 | B25: 23991540 | C25: =B25&HLOOKUP(MOD(B25,23),DNI!$B$1:$X$2,2) -> 23991540X | D25: =HLOOKUP(MOD(B25,23),DNI!$B$1:$X$2,2) -> X | E25: Q | F25: =COUNTIF(D:D,E25) -> 13
A26: Empleado 25 | B26: 41994142 | C26: =B26&HLOOKUP(MOD(B26,23),DNI!$B$1:$X$2,2) -> 41994142Y | D26: =HLOOKUP(MOD(B26,23),DNI!$B$1:$X$2,2) -> Y
A27: Empleado 26 | B27: 46260161 | C27: =B27&HLOOKUP(MOD(B27,23),DNI!$B$1:$X$2,2) -> 46260161P | D27: =HLOOKUP(MOD(B27,23),DNI!$B$1:$X$2,2) -> P
A28: Empleado 27 | B28: 38287559 | C28: =B28&HLOOKUP(MOD(B28,23),DNI!$B$1:$X$2,2) -> 38287559B | D28: =HLOOKUP(MOD(B28,23),DNI!$B$1:$X$2,2) -> B
A29: Empleado 28 | B29: 45055804 | C29: =B29&HLOOKUP(MOD(B29,23),DNI!$B$1:$X$2,2) -> 45055804T | D29: =HLOOKUP(MOD(B29,23),DNI!$B$1:$X$2,2) -> T
A30: Empleado 29 | B30: 28034699 | C30: =B30&HLOOKUP(MOD(B30,23),DNI!$B$1:$X$2,2) -> 28034699E | D30: =HLOOKUP(MOD(B30,23),DNI!$B$1:$X$2,2) -> E
A31: Empleado 30 | B31: 28007995 | C31: =B31&HLOOKUP(MOD(B31,23),DNI!$B$1:$X$2,2) -> 28007995K | D31: =HLOOKUP(MOD(B31,23),DNI!$B$1:$X$2,2) -> K
A32: Empleado 31 | B32: 24668155 | C32: =B32&HLOOKUP(MOD(B32,23),DNI!$B$1:$X$2,2) -> 24668155B | D32: =HLOOKUP(MOD(B32,23),DNI!$B$1:$X$2,2) -> B
A33: Empleado 32 | B33: 36140618 | C33: =B33&HLOOKUP(MOD(B33,23),DNI!$B$1:$X$2,2) -> 36140618M | D33: =HLOOKUP(MOD(B33,23),DNI!$B$1:$X$2,2) -> M
A34: Empleado 33 | B34: 32930589 | C34: =B34&HLOOKUP(MOD(B34,23),DNI!$B$1:$X$2,2) -> 32930589V | D34: =HLOOKUP(MOD(B34,23),DNI!$B$1:$X$2,2) -> V
A35: Empleado 34 | B35: 23165050 | C35: =B35&HLOOKUP(MOD(B35,23),DNI!$B$1:$X$2,2) -> 23165050W | D35: =HLOOKUP(MOD(B35,23),DNI!$B$1:$X$2,2) -> W
A36: Empleado 35 | B36: 33354596 | C36: =B36&HLOOKUP(MOD(B36,23),DNI!$B$1:$X$2,2) -> 33354596L | D36: =HLOOKUP(MOD(B36,23),DNI!$B$1:$X$2,2) -> L
A37: Empleado 36 | B37: 32998309 | C37: =B37&HLOOKUP(MOD(B37,23),DNI!$B$1:$X$2,2) -> 32998309W | D37: =HLOOKUP(MOD(B37,23),DNI!$B$1:$X$2,2) -> W
... A300: Empleado 299 | B300: 26993662 | C300: =B300&HLOOKUP(MOD(B300,23),DNI!$B$1:$X$2,2) -> 26993662B | D300: =HLOOKUP(MOD(B300,23),DNI!$B$1:$X$2,2) -> B

Sheet DNI
A1: RESTO | B1: 0 | C1: 1 | D1: 2 | E1: 3 | F1: 4 | G1: 5 | H1: 6 | I1: 7 | J1: 8 | K1: 9 | L1: 10 | M1: 11 | N1: 12 | O1: 13 | P1: 14 | Q1: 15 | R1: 16 | S1: 17 | T1: 18 | U1: 19 | V1: 20 | W1: 21 | X1: 22
A2: LETRA | B2: T | C2: R | D2: W | E2: A | F2: G | G2: M | H2: Y | I2: F | J2: P | K2: D | L2: X | M2: B | N2: N | O2: J | P2: Z | Q2: S | R2: Q | S2: V | T2: H | U2: L | V2: C | W2: K | X2: E

Sheet Hoja5
