Workbook

Sheet GASTOS
A1: Fecha | B1: Concepto | C1: Pagador | D1: IMPORTE
A2: 45658 | B2: Niños | C2: Lorenzo | D2: 34
A3: 45659 | B3: Diversos | C3: Lorenzo | D3: 56
A4: 45660 | B4: Niños | C4: Julia | D4: 11
A5: 45661 | B5: Diversos | C5: Julia | D5: 10
A6: 45662 | B6: Vivienda | C6: Lorenzo | D6: 22
A7: 45663 | B7: Seguros | C7: Julia | D7: 90
A8: 45664 | B8: Entretenimiento | C8: Julia | D8: 10
A9: 45665 | B9: Vivienda | C9: Julia | D9: 11
A10: 45666 | B10: Alquileres | C10: Lorenzo | D10: 55
A11: 45667 | B11: Vehículo | C11: Lorenzo | D11: 76
A12: 45668 | B12: Vehículo | C12: Julia | D12: 84
A13: 45669 | B13: Alimentación | C13: Lorenzo | D13: 34
... A32: 45688 | B32: Vivienda | C32: Lorenzo | D32: 45

Sheet Resumen
A2: CONCEPTO | B2: TOTAL GASTOS | D2: Nº DE ADQUISICIONES | F2: GASTO MEDIO
B3: LORENZO | C3: JULIA | D3: LORENZO | E3: JULIA | F3: LORENZO | G3: JULIA
A4: Alimentación | B4: =SUMIFS(GASTOS!$D$2:$D$32,GASTOS!$C$2:$C$32,B$3,GASTOS!$B$2:$B$32,$A4) -> 111 | C4: =SUMIFS(GASTOS!$D$2:$D$32,GASTOS!$C$2:$C$32,C$3,GASTOS!$B$2:$B$32,$A4) -> 25 | D4: =COUNTIFS(GASTOS!$C$2:$C$32,D$3,GASTOS!$B$2:$B$32,$A4) -> 3 | E4: =COUNTIFS(GASTOS!$C$2:$C$32,E$3,GASTOS!$B$2:$B$32,$A4) -> 1 | F4: =IFERROR(AVERAGEIFS(GASTOS!$D$2:$D$32,GASTOS!$C$2:$C$32,F$3,GASTOS!$B$2:$B$32,$A4),"") -> 37 | G4: =IFERROR(AVERAGEIFS(GASTOS!$D$2:$D$32,GASTOS!$C$2:$C$32,G$3,GASTOS!$B$2:$B$32,$A4),"") -> 25
A5: Seguros | B5: =SUMIFS(GASTOS!$D$2:$D$32,GASTOS!$C$2:$C$32,B$3,GASTOS!$B$2:$B$32,$A5) -> 90 | C5: =SUMIFS(GASTOS!$D$2:$D$32,GASTOS!$C$2:$C$32,C$3,GASTOS!$B$2:$B$32,$A5) -> 134 | D5: =COUNTIFS(GASTOS!$C$2:$C$32,D$3,GASTOS!$B$2:$B$32,$A5) -> 1 | E5: =COUNTIFS(GASTOS!$C$2:$C$32,E$3,GASTOS!$B$2:$B$32,$A5) -> 3 | F5: =IFERROR(AVERAGEIFS(GASTOS!$D$2:$D$32,GASTOS!$C$2:$C$32,F$3,GASTOS!$B$2:$B$32,$A5),"") -> 90 | G5: =IFERROR(AVERAGEIFS(GASTOS!$D$2:$D$32,GASTOS!$C$2:$C$32,G$3,GASTOS!$B$2:$B$32,$A5),"") -> 44.666667
A6: Diversos | B6: =SUMIFS(GASTOS!$D$2:$D$32,GASTOS!$C$2:$C$32,B$3,GASTOS!$B$2:$B$32,$A6) -> 56 | C6: =SUMIFS(GASTOS!$D$2:$D$32,GASTOS!$C$2:$C$32,C$3,GASTOS!$B$2:$B$32,$A6) -> 10 | D6: =COUNTIFS(GASTOS!$C$2:$C$32,D$3,GASTOS!$B$2:$B$32,$A6) -> 1 | E6: =COUNTIFS(GASTOS!$C$2:$C$32,E$3,GASTOS!$B$2:$B$32,$A6) -> 1 | F6: =IFERROR(AVERAGEIFS(GASTOS!$D$2:$D$32,GASTOS!$C$2:$C$32,F$3,GASTOS!$B$2:$B$32,$A6),"") -> 56 | G6: =IFERROR(AVERAGEIFS(GASTOS!$D$2:$D$32,GASTOS!$C$2:$C$32,G$3,GASTOS!$B$2:$B$32,$A6),"") -> 10
A7: Niños | B7: =SUMIFS(GASTOS!$D$2:$D$32,GASTOS!$C$2:$C$32,B$3,GASTOS!$B$2:$B$32,$A7) -> 34 | C7: =SUMIFS(GASTOS!$D$2:$D$32,GASTOS!$C$2:$C$32,C$3,GASTOS!$B$2:$B$32,$A7) -> 11 | D7: =COUNTIFS(GASTOS!$C$2:$C$32,D$3,GASTOS!$B$2:$B$32,$A7) -> 1 | E7: =COUNTIFS(GASTOS!$C$2:$C$32,E$3,GASTOS!$B$2:$B$32,$A7) -> 1 | F7: =IFERROR(AVERAGEIFS(GASTOS!$D$2:$D$32,GASTOS!$C$2:$C$32,F$3,GASTOS!$B$2:$B$32,$A7),"") -> 34 | G7: =IFERROR(AVERAGEIFS(GASTOS!$D$2:$D$32,GASTOS!$C$2:$C$32,G$3,GASTOS!$B$2:$B$32,$A7),"") -> 11
A8: Entretenimiento | B8: =SUMIFS(GASTOS!$D$2:$D$32,GASTOS!$C$2:$C$32,B$3,GASTOS!$B$2:$B$32,$A8) -> 44 | C8: =SUMIFS(GASTOS!$D$2:$D$32,GASTOS!$C$2:$C$32,C$3,GASTOS!$B$2:$B$32,$A8) -> 22 | D8: =COUNTIFS(GASTOS!$C$2:$C$32,D$3,GASTOS!$B$2:$B$32,$A8) -> 1 | E8: =COUNTIFS(GASTOS!$C$2:$C$32,E$3,GASTOS!$B$2:$B$32,$A8) -> 2 | F8: =IFERROR(AVERAGEIFS(GASTOS!$D$2:$D$32,GASTOS!$C$2:$C$32,F$3,GASTOS!$B$2:$B$32,$A8),"") -> 44 | G8: =IFERROR(AVERAGEIFS(GASTOS!$D$2:$D$32,GASTOS!$C$2:$C$32,G$3,GASTOS!$B$2:$B$32,$A8),"") -> 11
A9: Ropa | B9: =SUMIFS(GASTOS!$D$2:$D$32,GASTOS!$C$2:$C$32,B$3,GASTOS!$B$2:$B$32,$A9) -> 71 | C9: =SUMIFS(GASTOS!$D$2:$D$32,GASTOS!$C$2:$C$32,C$3,GASTOS!$B$2:$B$32,$A9) -> 5 | D9: =COUNTIFS(GASTOS!$C$2:$C$32,D$3,GASTOS!$B$2:$B$32,$A9) -> 1 | E9: =COUNTIFS(GASTOS!$C$2:$C$32,E$3,GASTOS!$B$2:$B$32,$A9) -> 1 | F9: =IFERROR(AVERAGEIFS(GASTOS!$D$2:$D$32,GASTOS!$C$2:$C$32,F$3,GASTOS!$B$2:$B$32,$A9),"") -> 71 | G9: =IFERROR(AVERAGEIFS(GASTOS!$D$2:$D$32,GASTOS!$C$2:$C$32,G$3,GASTOS!$B$2:$B$32,$A9),"") -> 5
A10: Impuestos | B10: =SUMIFS(GASTOS!$D$2:$D$32,GASTOS!$C$2:$C$32,B$3,GASTOS!$B$2:$B$32,$A10) -> 92 | C10: =SUMIFS(GASTOS!$D$2:$D$32,GASTOS!$C$2:$C$32,C$3,GASTOS!$B$2:$B$32,$A10) -> 114 | D10: =COUNTIFS(GASTOS!$C$2:$C$32,D$3,GASTOS!$B$2:$B$32,$A10) -> 2 | E10: =COUNTIFS(GASTOS!$C$2:$C$32,E$3,GASTOS!$B$2:$B$32,$A10) -> 3 | F10: =IFERROR(AVERAGEIFS(GASTOS!$D$2:$D$32,GASTOS!$C$2:$C$32,F$3,GASTOS!$B$2:$B$32,$A10),"") -> 46 | G10: =IFERROR(AVERAGEIFS(GASTOS!$D$2:$D$32,GASTOS!$C$2:$C$32,G$3,GASTOS!$B$2:$B$32,$A10),"") -> 38
A11: Vivienda | B11: =SUMIFS(GASTOS!$D$2:$D$32,GASTOS!$C$2:$C$32,B$3,GASTOS!$B$2:$B$32,$A11) -> 67 | C11: =SUMIFS(GASTOS!$D$2:$D$32,GASTOS!$C$2:$C$32,C$3,GASTOS!$B$2:$B$32,$A11) -> 11 | D11: =COUNTIFS(GASTOS!$C$2:$C$32,D$3,GASTOS!$B$2:$B$32,$A11) -> 2 | E11: =COUNTIFS(GASTOS!$C$2:$C$32,E$3,GASTOS!$B$2:$B$32,$A11) -> 1 | F11: =IFERROR(AVERAGEIFS(GASTOS!$D$2:$D$32,GASTOS!$C$2:$C$32,F$3,GASTOS!$B$2:$B$32,$A11),"") -> 33.5 | G11: =IFERROR(AVERAGEIFS(GASTOS!$D$2:$D$32,GASTOS!$C$2:$C$32,G$3,GASTOS!$B$2:$B$32,$A11),"") -> 11
A12: Alquileres | B12: =SUMIFS(GASTOS!$D$2:$D$32,GASTOS!$C$2:$C$32,B$3,GASTOS!$B$2:$B$32,$A12) -> 55 | C12: =SUMIFS(GASTOS!$D$2:$D$32,GASTOS!$C$2:$C$32,C$3,GASTOS!$B$2:$B$32,$A12) -> 25 | D12: =COUNTIFS(GASTOS!$C$2:$C$32,D$3,GASTOS!$B$2:$B$32,$A12) -> 1 | E12: =COUNTIFS(GASTOS!$C$2:$C$32,E$3,GASTOS!$B$2:$B$32,$A12) -> 1 | F12: =IFERROR(AVERAGEIFS(GASTOS!$D$2:$D$32,GASTOS!$C$2:$C$32,F$3,GASTOS!$B$2:$B$32,$A12),"") -> 55 | G12: =IFERROR(AVERAGEIFS(GASTOS!$D$2:$D$32,GASTOS!$C$2:$C$32,G$3,GASTOS!$B$2:$B$32,$A12),"") -> 25
A13: Mutua | B13: =SUMIFS(GASTOS!$D$2:$D$32,GASTOS!$C$2:$C$32,B$3,GASTOS!$B$2:$B$32,$A13) -> 25 | C13: =SUMIFS(GASTOS!$D$2:$D$32,GASTOS!$C$2:$C$32,C$3,GASTOS!$B$2:$B$32,$A13) -> 31 | D13: =COUNTIFS(GASTOS!$C$2:$C$32,D$3,GASTOS!$B$2:$B$32,$A13) -> 1 | E13: =COUNTIFS(GASTOS!$C$2:$C$32,E$3,GASTOS!$B$2:$B$32,$A13) -> 1 | F13: =IFERROR(AVERAGEIFS(GASTOS!$D$2:$D$32,GASTOS!$C$2:$C$32,F$3,GASTOS!$B$2:$B$32,$A13),"") -> 25 | G13: =IFERROR(AVERAGEIFS(GASTOS!$D$2:$D$32,GASTOS!$C$2:$C$32,G$3,GASTOS!$B$2:$B$32,$A13),"") -> 31
A14: Vehículo | B14: =SUMIFS(GASTOS!$D$2:$D$32,GASTOS!$C$2:$C$32,B$3,GASTOS!$B$2:$B$32,$A14) -> 76 | C14: =SUMIFS(GASTOS!$D$2:$D$32,GASTOS!$C$2:$C$32,C$3,GASTOS!$B$2:$B$32,$A14) -> 84 | D14: =COUNTIFS(GASTOS!$C$2:$C$32,D$3,GASTOS!$B$2:$B$32,$A14) -> 1 | E14: =COUNTIFS(GASTOS!$C$2:$C$32,E$3,GASTOS!$B$2:$B$32,$A14) -> 1 | F14: =IFERROR(AVERAGEIFS(GASTOS!$D$2:$D$32,GASTOS!$C$2:$C$32,F$3,GASTOS!$B$2:$B$32,$A14),"") -> 76 | G14: =IFERROR(AVERAGEIFS(GASTOS!$D$2:$D$32,GASTOS!$C$2:$C$32,G$3,GASTOS!$B$2:$B$32,$A14),"") -> 84
