Workbook

Sheet PRODUCTOS
A1: CÓDIGO | B1: DESCRIPCIÓN | C1: CATEGORÍA | D1: PRECIO_UNITARIO | E1: STOCK
A2: P001 | B2: Monitor LED 24" | C2: Monitores | D2: 150 | E2: 25
A3: P002 | B3: Teclado Mecánico | C3: Periféricos | D3: 85 | E3: 40
A4: P003 | B4: Ratón Inalámbrico | C4: Periféricos | D4: 35 | E4: 60
A5: P004 | B5: Tarjeta Gráfica RTX 3060 | C5: Componentes | D5: 320 | E5: 12
A6: P005 | B6: SSD 500GB | C6: Almacenamiento | D6: 55 | E6: 35
A7: P006 | B7: Cable HDMI | C7: Accesorios | D7: 8 | E7: 150
A8: P007 | B8: Memoria RAM 16GB | C8: Componentes | D8: 95 | E8: 20
A9: P008 | B9: Ventilador CPU | C9: Componentes | D9: 28 | E9: 30

Sheet VENTAS_DIARIAS
A1: FECHA | B1: CÓDIGO_PRODUCTO | C1: CANTIDAD | D1: VENDEDOR | E1: REGIÓN
A2: 01/06/2025 | B2: P004 | C2: 4 | D2: Roberto | E2: Valencia
A3: 02/06/2025 | B3: P006 | C3: 4 | D3: Carlos | E3: Cataluña
A4: 03/06/2025 | B4: P005 | C4: 1 | D4: Ana | E4: Islas Baleares
A5: 04/06/2025 | B5: P003 | C5: 7 | D5: María | E5: Cataluña
A6: 05/06/2025 | B6: P008 | C6: 3 | D6: Carlos | E6: Cataluña
A7: 06/06/2025 | B7: P006 | C7: 9 | D7: María | E7: Valencia
A8: 07/06/2025 | B8: P004 | C8: 3 | D8: Ana | E8: Cataluña
A9: 08/06/2025 | B9: P003 | C9: 9 | D9: Roberto | E9: Islas Baleares
A10: 09/06/2025 | B10: P001 | C10: 7 | D10: Ana | E10: Islas Baleares
A11: 10/06/2025 | B11: P008 | C11: 5 | D11: Juan | E11: Islas Baleares
A12: 11/06/2025 | B12: P002 | C12: 7 | D12: Roberto | E12: Islas Baleares
A13: 12/06/2025 | B13: P006 | C13: 5 | D13: Carlos | E13: Cataluña
... A41: 10/06/2025 | B41: P008 | C41: 6 | D41: Roberto | E41: Valencia

Sheet ANÁLISIS
A1: SECCIÓN 1: ANÁLISIS DE VENTAS CON VLOOKUP
A3: Código | B3: Descripción | C3: Precio Unitario | D3: Total Vendido | E3: Descuento (%) | F3: Precio Final
A4: P001 | B4: =VLOOKUP(A4,TABLA_PRODUCTOS,2,0) | C4: =VLOOKUP(A4,TABLA_PRODUCTOS,4,0) | D4: =SUMPRODUCT((TABLA_VENTAS[CÓDIGO_PRODUCTO]=A4)*(TABLA_VENTAS[CANTIDAD]))*C4 | E4: =IF(D4>500,10,IF(D4>250,5,0)) | F4: =ROUND(D4*(1-E4/100),2)
A5: P003 | B5: =VLOOKUP(A5,TABLA_PRODUCTOS,2,0) | C5: =VLOOKUP(A5,TABLA_PRODUCTOS,4,0) | D5: =SUMPRODUCT((TABLA_VENTAS[CÓDIGO_PRODUCTO]=A5)*(TABLA_VENTAS[CANTIDAD]))*C5 | E5: =IF(D5>500,10,IF(D5>250,5,0)) | F5: =ROUND(D5*(1-E5/100),2)
A6: P005 | B6: =VLOOKUP(A6,TABLA_PRODUCTOS,2,0) | C6: =VLOOKUP(A6,TABLA_PRODUCTOS,4,0) | D6: =SUMPRODUCT((TABLA_VENTAS[CÓDIGO_PRODUCTO]=A6)*(TABLA_VENTAS[CANTIDAD]))*C6 | E6: =IF(D6>500,10,IF(D6>250,5,0)) | F6: =ROUND(D6*(1-E6/100),2)
A7: P007 | B7: =VLOOKUP(A7,TABLA_PRODUCTOS,2,0) | C7: =VLOOKUP(A7,TABLA_PRODUCTOS,4,0) | D7: =SUMPRODUCT((TABLA_VENTAS[CÓDIGO_PRODUCTO]=A7)*(TABLA_VENTAS[CANTIDAD]))*C7 | E7: =IF(D7>500,10,IF(D7>250,5,0)) | F7: =ROUND(D7*(1-E7/100),2)
A11: SECCIÓN 2: ESTADÍSTICAS
A13: Total de ventas (€): | B13: =SUMPRODUCT((TABLA_VENTAS[CANTIDAD])*VLOOKUP(TABLA_VENTAS[CÓDIGO_PRODUCTO],TABLA_PRODUCTOS,4,0))
A14: Número de transacciones: | B14: =COUNTA(TABLA_VENTAS[CANTIDAD])
A15: Cantidad promedio por venta: | B15: =AVERAGE(TABLA_VENTAS[CANTIDAD])
A16: Cantidad máxima: | B16: =MAX(TABLA_VENTAS[CANTIDAD])
A17: Cantidad mínima: | B17: =MIN(TABLA_VENTAS[CANTIDAD])
A19: Ventas por región:
A20: Islas Baleares | B20: =SUMPRODUCT((TABLA_VENTAS[REGIÓN]=A20)*(TABLA_VENTAS[CANTIDAD]))
A21: Cataluña | B21: =SUMPRODUCT((TABLA_VENTAS[REGIÓN]=A21)*(TABLA_VENTAS[CANTIDAD]))
A22: Valencia | B22: =SUMPRODUCT((TABLA_VENTAS[REGIÓN]=A22)*(TABLA_VENTAS[CANTIDAD]))
A23: Andalucía | B23: =SUMPRODUCT((TABLA_VENTAS[REGIÓN]=A23)*(TABLA_VENTAS[CANTIDAD]))

Sheet TABLA_DINÁMICA
A1: TABLA DE RESUMEN: VENTAS POR VENDEDOR Y REGIÓN
A3: VENDEDOR | B3: Islas Baleares | C3: Cataluña | D3: Valencia | E3: Andalucía | F3: Total
A4: Juan | B4: =SUMPRODUCT((TABLA_VENTAS[VENDEDOR]=A4)*(TABLA_VENTAS[REGIÓN]="Islas Baleares")*(TABLA_VENTAS[CANTIDAD])) | C4: =SUMPRODUCT((TABLA_VENTAS[VENDEDOR]=A4)*(TABLA_VENTAS[REGIÓN]="Cataluña")*(TABLA_VENTAS[CANTIDAD])) | D4: =SUMPRODUCT((TABLA_VENTAS[VENDEDOR]=A4)*(TABLA_VENTAS[REGIÓN]="Valencia")*(TABLA_VENTAS[CANTIDAD])) | E4: =SUMPRODUCT((TABLA_VENTAS[VENDEDOR]=A4)*(TABLA_VENTAS[REGIÓN]="Andalucía")*(TABLA_VENTAS[CANTIDAD])) | F4: =SUM(B4:E4)
A5: María | B5: =SUMPRODUCT((TABLA_VENTAS[VENDEDOR]=A5)*(TABLA_VENTAS[REGIÓN]="Islas Baleares")*(TABLA_VENTAS[CANTIDAD])) | C5: =SUMPRODUCT((TABLA_VENTAS[VENDEDOR]=A5)*(TABLA_VENTAS[REGIÓN]="Cataluña")*(TABLA_VENTAS[CANTIDAD])) | D5: =SUMPRODUCT((TABLA_VENTAS[VENDEDOR]=A5)*(TABLA_VENTAS[REGIÓN]="Valencia")*(TABLA_VENTAS[CANTIDAD])) | E5: =SUMPRODUCT((TABLA_VENTAS[VENDEDOR]=A5)*(TABLA_VENTAS[REGIÓN]="Andalucía")*(TABLA_VENTAS[CANTIDAD])) | F5: =SUM(B5:E5)
A6: Carlos | B6: =SUMPRODUCT((TABLA_VENTAS[VENDEDOR]=A6)*(TABLA_VENTAS[REGIÓN]="Islas Baleares")*(TABLA_VENTAS[CANTIDAD])) | C6: =SUMPRODUCT((TABLA_VENTAS[VENDEDOR]=A6)*(TABLA_VENTAS[REGIÓN]="Cataluña")*(TABLA_VENTAS[CANTIDAD])) | D6: =SUMPRODUCT((TABLA_VENTAS[VENDEDOR]=A6)*(TABLA_VENTAS[REGIÓN]="Valencia")*(TABLA_VENTAS[CANTIDAD])) | E6: =SUMPRODUCT((TABLA_VENTAS[VENDEDOR]=A6)*(TABLA_VENTAS[REGIÓN]="Andalucía")*(TABLA_VENTAS[CANTIDAD])) | F6: =SUM(B6:E6)
A7: Ana | B7: =SUMPRODUCT((TABLA_VENTAS[VENDEDOR]=A7)*(TABLA_VENTAS[REGIÓN]="Islas Baleares")*(TABLA_VENTAS[CANTIDAD])) | C7: =SUMPRODUCT((TABLA_VENTAS[VENDEDOR]=A7)*(TABLA_VENTAS[REGIÓN]="Cataluña")*(TABLA_VENTAS[CANTIDAD])) | D7: =SUMPRODUCT((TABLA_VENTAS[VENDEDOR]=A7)*(TABLA_VENTAS[REGIÓN]="Valencia")*(TABLA_VENTAS[CANTIDAD])) | E7: =SUMPRODUCT((TABLA_VENTAS[VENDEDOR]=A7)*(TABLA_VENTAS[REGIÓN]="Andalucía")*(TABLA_VENTAS[CANTIDAD])) | F7: =SUM(B7:E7)
A8: Roberto | B8: =SUMPRODUCT((TABLA_VENTAS[VENDEDOR]=A8)*(TABLA_VENTAS[REGIÓN]="Islas Baleares")*(TABLA_VENTAS[CANTIDAD])) | C8: =SUMPRODUCT((TABLA_VENTAS[VENDEDOR]=A8)*(TABLA_VENTAS[REGIÓN]="Cataluña")*(TABLA_VENTAS[CANTIDAD])) | D8: =SUMPRODUCT((TABLA_VENTAS[VENDEDOR]=A8)*(TABLA_VENTAS[REGIÓN]="Valencia")*(TABLA_VENTAS[CANTIDAD])) | E8: =SUMPRODUCT((TABLA_VENTAS[VENDEDOR]=A8)*(TABLA_VENTAS[REGIÓN]="Andalucía")*(TABLA_VENTAS[CANTIDAD])) | F8: =SUM(B8:E8)
A9: TOTAL | B9: =SUM(B4:B8) | C9: =SUM(C4:C8) | D9: =SUM(D4:D8) | E9: =SUM(E4:E8) | F9: =SUM(F4:F8)

Sheet GRÁFICO_VENTAS
A1: Análisis Visual: Ventas por Vendedor
A3: VENDEDOR | B3: TOTAL (unidades)
A4: Juan | B4: =TABLA_DINÁMICA!F4
A5: María | B5: =TABLA_DINÁMICA!F5
A6: Carlos | B6: =TABLA_DINÁMICA!F6
A7: Ana | B7: =TABLA_DINÁMICA!F7
A8: Roberto | B8: =TABLA_DINÁMICA!F8
